[{"model": "admin.logentry", "pk": 1, "fields": {"action_time": "2025-05-22T16:40:59.026Z", "user": 1, "content_type": 7, "object_id": "1", "object_repr": "test 1", "action_flag": 1, "change_message": "[{\"added\": {}}]"}}, {"model": "admin.logentry", "pk": 2, "fields": {"action_time": "2025-05-22T16:46:34.354Z", "user": 1, "content_type": 7, "object_id": "2", "object_repr": "Who was Django Rheinhardt", "action_flag": 1, "change_message": "[{\"added\": {}}]"}}, {"model": "admin.logentry", "pk": 3, "fields": {"action_time": "2025-05-22T16:48:16.278Z", "user": 1, "content_type": 7, "object_id": "3", "object_repr": "Ghost Shot", "action_flag": 1, "change_message": "[{\"added\": {}}]"}}, {"model": "admin.logentry", "pk": 4, "fields": {"action_time": "2025-05-22T16:49:12.813Z", "user": 1, "content_type": 7, "object_id": "4", "object_repr": "What Was My First NYT Bestseller", "action_flag": 1, "change_message": "[{\"added\": {}}]"}}, {"model": "admin.logentry", "pk": 5, "fields": {"action_time": "2025-05-22T17:21:53.012Z", "user": 1, "content_type": 7, "object_id": "1", "object_repr": "test 1", "action_flag": 2, "change_message": "[{\"changed\": {\"fields\": [\"Status\"]}}]"}}, {"model": "admin.logentry", "pk": 6, "fields": {"action_time": "2025-05-22T17:36:43.610Z", "user": 1, "content_type": 7, "object_id": "3", "object_repr": "Ghost Shot", "action_flag": 2, "change_message": "[{\"changed\": {\"fields\": [\"Status\"]}}]"}}, {"model": "admin.logentry", "pk": 7, "fields": {"action_time": "2025-05-23T15:31:13.678Z", "user": 1, "content_type": 7, "object_id": "4", "object_repr": "What Was My First NYT Bestseller", "action_flag": 2, "change_message": "[{\"changed\": {\"fields\": [\"Status\"]}}]"}}, {"model": "admin.logentry", "pk": 8, "fields": {"action_time": "2025-05-23T15:31:23.401Z", "user": 1, "content_type": 7, "object_id": "2", "object_repr": "Who was Django Rheinhardt", "action_flag": 2, "change_message": "[{\"changed\": {\"fields\": [\"Status\"]}}]"}}, {"model": "admin.logentry", "pk": 9, "fields": {"action_time": "2025-05-24T21:15:43.635Z", "user": 1, "content_type": 8, "object_id": "1", "object_repr": "Comment by jorge on What Was My First NYT Bestseller", "action_flag": 1, "change_message": "[{\"added\": {}}]"}}, {"model": "admin.logentry", "pk": 10, "fields": {"action_time": "2025-05-24T21:42:46.999Z", "user": 1, "content_type": 8, "object_id": "1", "object_repr": "Comment by jorge on What Was My First NYT Bestseller", "action_flag": 2, "change_message": "[{\"changed\": {\"fields\": [\"Active\"]}}]"}}, {"model": "admin.logentry", "pk": 11, "fields": {"action_time": "2025-05-24T22:03:00.509Z", "user": 1, "content_type": 7, "object_id": "5", "object_repr": "Working with Cursor", "action_flag": 1, "change_message": "[{\"added\": {}}]"}}, {"model": "admin.logentry", "pk": 12, "fields": {"action_time": "2025-05-24T22:03:14.594Z", "user": 1, "content_type": 7, "object_id": "5", "object_repr": "Working with Cursor", "action_flag": 2, "change_message": "[{\"changed\": {\"fields\": [\"Status\"]}}]"}}, {"model": "admin.logentry", "pk": 13, "fields": {"action_time": "2025-05-24T22:18:28.959Z", "user": 1, "content_type": 7, "object_id": "2", "object_repr": "Who was Django Rheinhardt", "action_flag": 2, "change_message": "[{\"changed\": {\"fields\": [\"Tags\"]}}]"}}, {"model": "admin.logentry", "pk": 14, "fields": {"action_time": "2025-05-26T18:34:06.166Z", "user": 1, "content_type": 7, "object_id": "6", "object_repr": "A Day in the life", "action_flag": 1, "change_message": "[{\"added\": {}}]"}}, {"model": "admin.logentry", "pk": 15, "fields": {"action_time": "2025-05-26T18:34:55.519Z", "user": 1, "content_type": 7, "object_id": "6", "object_repr": "A Day in the life", "action_flag": 2, "change_message": "[{\"changed\": {\"fields\": [\"Status\"]}}]"}}, {"model": "admin.logentry", "pk": 16, "fields": {"action_time": "2025-05-26T18:35:30.312Z", "user": 1, "content_type": 7, "object_id": "5", "object_repr": "Working with Cursor", "action_flag": 2, "change_message": "[{\"changed\": {\"fields\": [\"Tags\"]}}]"}}, {"model": "admin.logentry", "pk": 17, "fields": {"action_time": "2025-05-26T19:01:24.198Z", "user": 1, "content_type": 7, "object_id": "7", "object_repr": "Another day", "action_flag": 1, "change_message": "[{\"added\": {}}]"}}, {"model": "admin.logentry", "pk": 18, "fields": {"action_time": "2025-05-26T19:01:33.852Z", "user": 1, "content_type": 7, "object_id": "7", "object_repr": "Another day", "action_flag": 2, "change_message": "[{\"changed\": {\"fields\": [\"Status\"]}}]"}}, {"model": "admin.logentry", "pk": 19, "fields": {"action_time": "2025-05-26T19:01:45.321Z", "user": 1, "content_type": 7, "object_id": "2", "object_repr": "Who was Django Rheinhardt", "action_flag": 2, "change_message": "[{\"changed\": {\"fields\": [\"Tags\"]}}]"}}, {"model": "admin.logentry", "pk": 20, "fields": {"action_time": "2025-05-26T19:01:56.467Z", "user": 1, "content_type": 7, "object_id": "1", "object_repr": "test 1", "action_flag": 2, "change_message": "[{\"changed\": {\"fields\": [\"Tags\"]}}]"}}, {"model": "admin.logentry", "pk": 21, "fields": {"action_time": "2025-05-26T19:02:06.959Z", "user": 1, "content_type": 7, "object_id": "3", "object_repr": "Ghost Shot", "action_flag": 2, "change_message": "[{\"changed\": {\"fields\": [\"Tags\"]}}]"}}, {"model": "admin.logentry", "pk": 22, "fields": {"action_time": "2025-05-26T19:02:19.759Z", "user": 1, "content_type": 7, "object_id": "4", "object_repr": "What Was My First NYT Bestseller", "action_flag": 2, "change_message": "[{\"changed\": {\"fields\": [\"Tags\"]}}]"}}, {"model": "admin.logentry", "pk": 23, "fields": {"action_time": "2025-05-26T19:02:30.163Z", "user": 1, "content_type": 7, "object_id": "5", "object_repr": "Working with Cursor", "action_flag": 2, "change_message": "[{\"changed\": {\"fields\": [\"Tags\"]}}]"}}, {"model": "admin.logentry", "pk": 24, "fields": {"action_time": "2025-05-26T19:02:40.708Z", "user": 1, "content_type": 7, "object_id": "6", "object_repr": "A Day in the life", "action_flag": 2, "change_message": "[{\"changed\": {\"fields\": [\"Tags\"]}}]"}}, {"model": "admin.logentry", "pk": 25, "fields": {"action_time": "2025-05-26T20:39:30.738Z", "user": 1, "content_type": 7, "object_id": "3", "object_repr": "Ghost Shot", "action_flag": 2, "change_message": "[{\"changed\": {\"fields\": [\"Tags\"]}}]"}}, {"model": "admin.logentry", "pk": 26, "fields": {"action_time": "2025-05-26T21:20:17.817Z", "user": 1, "content_type": 7, "object_id": "8", "object_repr": "Markdown Test", "action_flag": 1, "change_message": "[{\"added\": {}}]"}}, {"model": "admin.logentry", "pk": 27, "fields": {"action_time": "2025-05-26T21:31:10.853Z", "user": 1, "content_type": 7, "object_id": "8", "object_repr": "Markdown Test", "action_flag": 2, "change_message": "[{\"changed\": {\"fields\": [\"Status\"]}}]"}}, {"model": "admin.logentry", "pk": 28, "fields": {"action_time": "2025-05-26T21:35:35.208Z", "user": 1, "content_type": 7, "object_id": "8", "object_repr": "Markdown Test", "action_flag": 2, "change_message": "[{\"changed\": {\"fields\": [\"Body\"]}}]"}}, {"model": "admin.logentry", "pk": 29, "fields": {"action_time": "2025-05-26T21:37:51.607Z", "user": 1, "content_type": 7, "object_id": "8", "object_repr": "Markdown Test", "action_flag": 2, "change_message": "[{\"changed\": {\"fields\": [\"Body\"]}}]"}}, {"model": "admin.logentry", "pk": 30, "fields": {"action_time": "2025-05-26T21:38:40.517Z", "user": 1, "content_type": 7, "object_id": "8", "object_repr": "Markdown Test", "action_flag": 2, "change_message": "[{\"changed\": {\"fields\": [\"Body\"]}}]"}}, {"model": "admin.logentry", "pk": 31, "fields": {"action_time": "2025-05-26T21:39:36.733Z", "user": 1, "content_type": 7, "object_id": "8", "object_repr": "Markdown Test", "action_flag": 2, "change_message": "[{\"changed\": {\"fields\": [\"Body\"]}}]"}}, {"model": "admin.logentry", "pk": 32, "fields": {"action_time": "2025-05-26T21:40:19.617Z", "user": 1, "content_type": 7, "object_id": "8", "object_repr": "Markdown Test", "action_flag": 2, "change_message": "[{\"changed\": {\"fields\": [\"Body\"]}}]"}}, {"model": "admin.logentry", "pk": 33, "fields": {"action_time": "2025-05-26T22:02:06.971Z", "user": 1, "content_type": 11, "object_id": "1", "object_repr": "localhost:8000", "action_flag": 2, "change_message": "[{\"changed\": {\"fields\": [\"Domain name\", \"Display name\"]}}]"}}, {"model": "auth.user", "pk": 1, "fields": {"password": "pbkdf2_sha256$720000$UxXmSepoV7bgJbnDJdTMSR$nrTm9HzaSZ3e0I8o7KaRse1b1VKsJhhDf3Gnv8eEzi8=", "last_login": "2025-05-26T18:25:21.009Z", "is_superuser": true, "username": "todd", "first_name": "", "last_name": "", "email": "todd@toddwriter.com", "is_staff": true, "is_active": true, "date_joined": "2025-05-22T16:37:54.206Z", "groups": [], "user_permissions": []}}, {"model": "sessions.session", "pk": "3oscjiejrajalp2q2uj03a6m5ohrxmz8", "fields": {"session_data": ".eJxVjDEOwjAMRe-SGUXYwUnEyM4ZIid2SAG1UtNOiLtDpQ6w_vfef5nE69LS2nVOg5izAXP43TKXh44bkDuPt8mWaVzmIdtNsTvt9jqJPi-7-3fQuLdvHTErAPqaSbAGclQh01EjOyccUBUBhIiZkLg4jXjK4Lz44JViMO8P4C83lQ:1uI8wE:-ftZ-o3ytGu0PcmiS72zMjdAlh5OclAW5L0gxZHng8I", "expire_date": "2025-06-05T16:38:34.540Z"}}, {"model": "sessions.session", "pk": "cadn61jujdz9d7sibyd9vduk8t6gwdoa", "fields": {"session_data": ".eJxVjDEOwjAMRe-SGUXYwUnEyM4ZIid2SAG1UtNOiLtDpQ6w_vfef5nE69LS2nVOg5izAXP43TKXh44bkDuPt8mWaVzmIdtNsTvt9jqJPi-7-3fQuLdvHTErAPqaSbAGclQh01EjOyccUBUBhIiZkLg4jXjK4Lz44JViMO8P4C83lQ:1uJcVl:Un_z5GudCH5yAGl2rTTtYpVMqmUGujtAX_Zn9rbECSQ", "expire_date": "2025-06-09T18:25:21.013Z"}}, {"model": "sessions.session", "pk": "q634z9wftue28yvqjeb0gory8d0bzsyb", "fields": {"session_data": ".eJxVjDEOwjAMRe-SGUXYwUnEyM4ZIid2SAG1UtNOiLtDpQ6w_vfef5nE69LS2nVOg5izAXP43TKXh44bkDuPt8mWaVzmIdtNsTvt9jqJPi-7-3fQuLdvHTErAPqaSbAGclQh01EjOyccUBUBhIiZkLg4jXjK4Lz44JViMO8P4C83lQ:1uIvWo:34S4IfDFL4TkcTjk5P3G5dgwCaBsp4vErqYU1QdMym4", "expire_date": "2025-06-07T20:31:34.372Z"}}, {"model": "sites.site", "pk": 1, "fields": {"domain": "localhost:8000", "name": "localhost:8000"}}, {"model": "taggit.tag", "pk": 1, "fields": {"name": "McCaffrey", "slug": "mccaffrey"}}, {"model": "taggit.tag", "pk": 2, "fields": {"name": "stuff", "slug": "stuff"}}, {"model": "taggit.tag", "pk": 3, "fields": {"name": "todd", "slug": "todd"}}, {"model": "taggit.tag", "pk": 4, "fields": {"name": "Django", "slug": "django"}}, {"model": "taggit.tag", "pk": 5, "fields": {"name": "jazz", "slug": "jazz"}}, {"model": "taggit.tag", "pk": 6, "fields": {"name": "day", "slug": "day"}}, {"model": "taggit.tag", "pk": 7, "fields": {"name": "life", "slug": "life"}}, {"model": "taggit.tag", "pk": 8, "fields": {"name": "engineering", "slug": "engineering"}}, {"model": "taggit.tag", "pk": 9, "fields": {"name": "software", "slug": "software"}}, {"model": "taggit.tag", "pk": 10, "fields": {"name": "scrub", "slug": "scrub"}}, {"model": "taggit.tag", "pk": 11, "fields": {"name": "music", "slug": "music"}}, {"model": "taggit.taggeditem", "pk": 1, "fields": {"tag": 1, "content_type": 7, "object_id": 1}}, {"model": "taggit.taggeditem", "pk": 3, "fields": {"tag": 3, "content_type": 7, "object_id": 1}}, {"model": "taggit.taggeditem", "pk": 4, "fields": {"tag": 4, "content_type": 7, "object_id": 2}}, {"model": "taggit.taggeditem", "pk": 5, "fields": {"tag": 5, "content_type": 7, "object_id": 2}}, {"model": "taggit.taggeditem", "pk": 6, "fields": {"tag": 1, "content_type": 7, "object_id": 6}}, {"model": "taggit.taggeditem", "pk": 7, "fields": {"tag": 6, "content_type": 7, "object_id": 6}}, {"model": "taggit.taggeditem", "pk": 8, "fields": {"tag": 7, "content_type": 7, "object_id": 6}}, {"model": "taggit.taggeditem", "pk": 9, "fields": {"tag": 8, "content_type": 7, "object_id": 5}}, {"model": "taggit.taggeditem", "pk": 10, "fields": {"tag": 9, "content_type": 7, "object_id": 5}}, {"model": "taggit.taggeditem", "pk": 11, "fields": {"tag": 10, "content_type": 7, "object_id": 7}}, {"model": "taggit.taggeditem", "pk": 12, "fields": {"tag": 6, "content_type": 7, "object_id": 7}}, {"model": "taggit.taggeditem", "pk": 13, "fields": {"tag": 7, "content_type": 7, "object_id": 7}}, {"model": "taggit.taggeditem", "pk": 14, "fields": {"tag": 10, "content_type": 7, "object_id": 2}}, {"model": "taggit.taggeditem", "pk": 15, "fields": {"tag": 10, "content_type": 7, "object_id": 1}}, {"model": "taggit.taggeditem", "pk": 16, "fields": {"tag": 10, "content_type": 7, "object_id": 3}}, {"model": "taggit.taggeditem", "pk": 17, "fields": {"tag": 1, "content_type": 7, "object_id": 4}}, {"model": "taggit.taggeditem", "pk": 18, "fields": {"tag": 10, "content_type": 7, "object_id": 4}}, {"model": "taggit.taggeditem", "pk": 19, "fields": {"tag": 3, "content_type": 7, "object_id": 4}}, {"model": "taggit.taggeditem", "pk": 20, "fields": {"tag": 10, "content_type": 7, "object_id": 5}}, {"model": "taggit.taggeditem", "pk": 21, "fields": {"tag": 10, "content_type": 7, "object_id": 6}}, {"model": "taggit.taggeditem", "pk": 22, "fields": {"tag": 11, "content_type": 7, "object_id": 3}}, {"model": "taggit.taggeditem", "pk": 23, "fields": {"tag": 5, "content_type": 7, "object_id": 3}}, {"model": "taggit.taggeditem", "pk": 24, "fields": {"tag": 10, "content_type": 7, "object_id": 8}}, {"model": "blog.post", "pk": 1, "fields": {"title": "test 1", "author": 1, "body": "test1", "publish": "2025-05-22T16:40:36Z", "created": "2025-05-22T16:40:59.024Z", "updated": "2025-05-26T19:01:56.451Z", "slug": "test-1", "status": "PB"}}, {"model": "blog.post", "pk": 2, "fields": {"title": "Who was Django Rheinhardt", "author": 1, "body": "Django Rheinhardt was a jazz musician.", "publish": "2025-05-22T16:45:07Z", "created": "2025-05-22T16:46:34.346Z", "updated": "2025-05-26T19:01:45.315Z", "slug": "who-was-django-rheinhardt", "status": "PB"}}, {"model": "blog.post", "pk": 3, "fields": {"title": "Ghost Shot", "author": 1, "body": "Ghost Shot is the first book in the Ghost War series.", "publish": "2025-05-22T16:47:47Z", "created": "2025-05-22T16:48:16.277Z", "updated": "2025-05-26T20:39:30.714Z", "slug": "ghost-shot", "status": "PB"}}, {"model": "blog.post", "pk": 4, "fields": {"title": "What Was My First NYT Bestseller", "author": 1, "body": "Todd McCaffrey's first New York Times Bestseller was Dragon's Fire, co-authored with Anne McCaffrey.", "publish": "2025-05-22T16:48:21Z", "created": "2025-05-22T16:49:12.812Z", "updated": "2025-05-26T19:02:19.748Z", "slug": "what-was-my-first-nyt-bestseller", "status": "PB"}}, {"model": "blog.post", "pk": 5, "fields": {"title": "Working with Cursor", "author": 1, "body": "Here are some initial thoughts on working with Cursor:\r\n1. Wow! This allows you to develop applications very quickly.\r\n2. Sometimes the recommendations are off. Not wrong but anticipating the wrong things.\r\n\r\nI'm using it with the book \"Django 5 By Example\".\r\n\r\nYou cannot develop good working code without a little debugging.", "publish": "2025-05-24T22:01:17Z", "created": "2025-05-24T22:03:00.501Z", "updated": "2025-05-26T19:02:30.142Z", "slug": "working-with-cursor", "status": "PB"}}, {"model": "blog.post", "pk": 6, "fields": {"title": "A Day in the life", "author": 1, "body": "What is a day in the life like? And what is life?", "publish": "2025-05-26T18:33:28Z", "created": "2025-05-26T18:34:06.152Z", "updated": "2025-05-26T19:02:40.692Z", "slug": "a-day-in-the-life", "status": "PB"}}, {"model": "blog.post", "pk": 7, "fields": {"title": "Another day", "author": 1, "body": "This is another post", "publish": "2025-05-26T19:00:57Z", "created": "2025-05-26T19:01:24.181Z", "updated": "2025-05-26T19:01:33.839Z", "slug": "another-day", "status": "PB"}}, {"model": "blog.post", "pk": 8, "fields": {"title": "Markdown Test", "author": 1, "body": "This is a post formatted with markdown\r\n--------------------------------------\r\n*This is emphasized* and **this is more emphasized**.\r\nHere is a list:\r\n*One\r\n*Two *Three *Four *Five *\r\n* Three\r\n\r\nAnd a [link to the Django website](https://www.djangoproject.com/).\r\n\r\n> #### The quarterly results look great!\r\n>\r\n> - Revenue was off the chart.\r\n> - Profits were higher than ever.\r\n>\r\n>  *Everything* is going according to **plan**.\r\n\r\n- First Item\r\n- Second Item\r\n- Third Item\r\n\r\n* first item\r\n* second item\r\n* third item", "publish": "2025-05-26T21:19:37Z", "created": "2025-05-26T21:20:17.796Z", "updated": "2025-05-26T21:40:19.604Z", "slug": "markdown-test", "status": "PB"}}, {"model": "blog.comment", "pk": 1, "fields": {"post": 4, "name": "jorge", "email": "jorge@gmail.com", "body": "this is a test.", "created": "2025-05-24T21:15:43.628Z", "updated": "2025-05-24T21:42:46.991Z", "active": false}}, {"model": "blog.comment", "pk": 2, "fields": {"post": 4, "name": "jorge", "email": "jorge@gmail.com", "body": "Hm... I'm not so sure.", "created": "2025-05-24T21:40:01.514Z", "updated": "2025-05-24T21:40:01.514Z", "active": true}}, {"model": "blog.comment", "pk": 3, "fields": {"post": 7, "name": "Todd", "email": "todd@toddwriter.com", "body": "This is a comment on 26.05.2025", "created": "2025-05-26T19:49:26.893Z", "updated": "2025-05-26T19:49:26.893Z", "active": true}}, {"model": "blog.comment", "pk": 4, "fields": {"post": 5, "name": "Todd", "email": "todd@toddwriter.com", "body": "yup, working with Cursor is super-accelerating.", "created": "2025-05-26T21:13:25.010Z", "updated": "2025-05-26T21:13:25.010Z", "active": true}}, {"model": "blog.comment", "pk": 5, "fields": {"post": 5, "name": "Todd", "email": "todd@toddwriter.com", "body": "This is a comment on 26.05.2025", "created": "2025-05-26T21:13:42.872Z", "updated": "2025-05-26T21:13:42.872Z", "active": true}}, {"model": "blog.comment", "pk": 6, "fields": {"post": 5, "name": "Todd", "email": "todd@toddwriter.com", "body": "Cursor, cursor, curses!", "created": "2025-05-26T21:14:03.825Z", "updated": "2025-05-26T21:14:03.825Z", "active": true}}]
